{
    "000001": [
      28.000000000000004,
      16,
      100,
      -100,
      55.000000000000014,
      13,
      86.66666666666667,
      16,
      0,
      28.999999999999996,
      81,
      0
    ],
    "000002": [
      8.000000000000007,
      56.99999999999999,
      100,
      -100,
      55.000000000000014,
      13,
      100,
      0,
      28.000000000000004,
      0,
      100,
      54
    ]
  }